<?xml version="1.0" encoding="UTF-8"?>
<project-private xmlns="http://www.netbeans.org/ns/project-private/1">
    <editor-bookmarks xmlns="http://www.netbeans.org/ns/editor-bookmarks/2" lastBookmarkId="0"/>
    <open-files xmlns="http://www.netbeans.org/ns/projectui-open-files/2">
        <group>
            <file>file:/C:/Users/Aswinth/Desktop/Interfacing%20DS3231%20RTC%20with%20PIC/RTC%20with%20PIC.X/PIC16F877a_I2C.h</file>
            <file>file:/C:/Users/Aswinth/Desktop/Interfacing%20DS3231%20RTC%20with%20PIC/RTC%20with%20PIC.X/RTC_with_PIC_main.c</file>
            <file>file:/C:/Users/Aswinth/Desktop/Interfacing%20DS3231%20RTC%20with%20PIC/RTC%20with%20PIC.X/PIC16F877a_DS3231.h</file>
            <file>file:/C:/Users/Aswinth/Desktop/Interfacing%20DS3231%20RTC%20with%20PIC/RTC%20with%20PIC.X/lcd.h</file>
        </group>
    </open-files>
</project-private>
